timestamp_utc,elapsed_seconds,pid,total_pss_kb,cpu_percent
2026-07-13T17:06:45.7879892Z,0,25919,34726,0
2026-07-13T17:06:47.1827248Z,1,25919,41226,0
2026-07-13T17:06:48.5128737Z,2,25919,41202,0
2026-07-13T17:06:49.8312205Z,3,25919,41202,0
2026-07-13T17:06:51.1709681Z,4,25919,41200,0
2026-07-13T17:06:52.5056384Z,5,25919,41209,0
2026-07-13T17:06:53.8328219Z,6,25919,41209,0
2026-07-13T17:06:55.1960918Z,7,25919,41209,0
2026-07-13T17:06:56.5168698Z,8,25919,41209,0
2026-07-13T17:06:57.8566030Z,9,25919,41209,0
2026-07-13T17:06:59.1915374Z,10,25919,41209,0
2026-07-13T17:07:00.5198561Z,11,25919,41210,0
2026-07-13T17:07:01.9004725Z,12,25919,41211,0
2026-07-13T17:07:03.2711184Z,13,25919,41211,0
2026-07-13T17:07:04.5962365Z,14,25919,41211,0
2026-07-13T17:07:05.9485650Z,15,25919,41211,0
2026-07-13T17:07:07.2747687Z,16,25919,41210,0
2026-07-13T17:07:08.6203573Z,17,25919,41211,0
2026-07-13T17:07:09.9618337Z,18,25919,41211,0
2026-07-13T17:07:11.2984068Z,19,25919,41211,7
2026-07-13T17:07:12.6427896Z,20,25919,41212,7
2026-07-13T17:07:13.9913859Z,21,25919,41212,7
2026-07-13T17:07:15.3366765Z,22,25919,41212,7
2026-07-13T17:07:16.6889614Z,23,25919,41211,7
2026-07-13T17:07:18.0952283Z,24,25919,41212,7
2026-07-13T17:07:19.4685054Z,25,25919,41212,7
2026-07-13T17:07:20.8083942Z,26,25919,41212,7
2026-07-13T17:07:22.1651211Z,27,25919,41212,7
2026-07-13T17:07:23.5457963Z,28,25919,41212,7
2026-07-13T17:07:24.8939736Z,29,25919,41212,7
2026-07-13T17:07:26.2788047Z,30,25919,41210,7
2026-07-13T17:07:27.5976773Z,31,25919,41206,7
2026-07-13T17:07:28.9179399Z,32,25919,41206,7
2026-07-13T17:07:30.2537605Z,33,25919,41210,7
2026-07-13T17:07:31.6140892Z,34,25919,41209,7
2026-07-13T17:07:32.9534718Z,35,25919,41210,7
2026-07-13T17:07:34.2933947Z,36,25919,41210,7
2026-07-13T17:07:35.6442192Z,37,25919,41210,7
2026-07-13T17:07:36.9696307Z,38,25919,41210,7
2026-07-13T17:07:38.3241275Z,39,25919,41210,7
2026-07-13T17:07:39.6550276Z,40,25919,41209,7
2026-07-13T17:07:40.9999246Z,41,25919,41209,7
2026-07-13T17:07:42.3293544Z,42,25919,41210,7
2026-07-13T17:07:43.6969516Z,43,25919,41210,7
2026-07-13T17:07:45.0304057Z,44,25919,41210,7
